<?xml version="1.0" encoding="UTF-8"?> 
<!DOCTYPE entry SYSTEM "SamplesInfo.dtd">
<entry>
  <name>simpleVoteIntrinsics</name>
  <cuda_api_list>
    <toolkit>cudaMallco</toolkit>
    <toolkit>cudaFree</toolkit>
    <toolkit>cudaMemcpy</toolkit>
    <toolkit>cudaFreeHost</toolkit>
  </cuda_api_list>
  <description><![CDATA[Simple program which demonstrates how to use the Vote (any, all) intrinsic instruction in a CUDA kernel.  Requires Compute Capability 2.0 or higher.]]></description>
  <devicecompilation>whole</devicecompilation>
  <includepaths>
    <path>./</path>
    <path>../</path>
    <path>../../common/inc</path>
  </includepaths>
  <keyconcepts>
    <concept level="basic">Vote Intrinsics</concept>
  </keyconcepts>
  <keywords>
    <keyword>CUDA</keyword>
    <keyword>GPGPU</keyword>
    <keyword>vote</keyword>
  </keywords>
  <libraries>
  </libraries>
  <librarypaths>
  </librarypaths>
  <nsight_eclipse>true</nsight_eclipse>
  <primary_file>simpleVoteIntrinsics.cu</primary_file>
  <scopes>
    <scope>1:CUDA Basic Topics</scope>
  </scopes>
  <sm-arch>sm30</sm-arch>
  <sm-arch>sm35</sm-arch>
  <sm-arch>sm37</sm-arch>
  <sm-arch>sm50</sm-arch>
  <sm-arch>sm52</sm-arch>
  <sm-arch>sm60</sm-arch>
  <sm-arch>sm61</sm-arch>
  <sm-arch>sm70</sm-arch>
  <supported_envs>
    <env>
      <arch>x86_64</arch>
      <platform>linux</platform>
    </env>
    <env>
      <platform>windows7</platform>
    </env>
    <env>
      <arch>x86_64</arch>
      <platform>macosx</platform>
    </env>
    <env>
      <arch>arm</arch>
    </env>
    <env>
      <arch>ppc64le</arch>
      <platform>linux</platform>
    </env>
  </supported_envs>
  <supported_sm_architectures>
    <include>all</include>
  </supported_sm_architectures>
  <title>Simple Vote Intrinsics</title>
  <type>exe</type>
</entry>
