<?xml version="1.0" encoding="UTF-8"?> 
<!DOCTYPE entry SYSTEM "SamplesInfo.dtd">
<entry>
  <name>HSOpticalFlow</name>
  <description><![CDATA[Variational optical flow estimation example.  Uses textures for image operations. Shows how simple PDE solver can be accelerated with CUDA.]]></description>
  <devicecompilation>whole</devicecompilation>
  <files>
    <file>data\frame10.ppm</file>
    <file>data\frame11.ppm</file>
  </files>
  <includepaths>
    <path>./</path>
    <path>../</path>
    <path>../../common/inc</path>
  </includepaths>
  <keyconcepts>
    <concept level="advanced">Image Processing</concept>
    <concept level="advanced">Data Parallel Algorithms</concept>
  </keyconcepts>
  <keywords>
    <keyword>optical flow</keyword>
    <keyword>motion estimation</keyword>
    <keyword>texture</keyword>
    <keyword>shared memory</keyword>
  </keywords>
  <libraries>
  </libraries>
  <librarypaths>
  </librarypaths>
  <nsight_eclipse>true</nsight_eclipse>
  <primary_file>main.cpp</primary_file>
  <scopes>
    <scope>1:CUDA Advanced Topics</scope>
    <scope>2:Image Processing</scope>
  </scopes>
  <sm-arch>sm30</sm-arch>
  <sm-arch>sm35</sm-arch>
  <sm-arch>sm37</sm-arch>
  <sm-arch>sm50</sm-arch>
  <sm-arch>sm52</sm-arch>
  <sm-arch>sm60</sm-arch>
  <sm-arch>sm61</sm-arch>
  <sm-arch>sm70</sm-arch>
  <supported_envs>
    <env>
      <arch>x86_64</arch>
      <platform>linux</platform>
    </env>
    <env>
      <platform>windows7</platform>
    </env>
    <env>
      <arch>x86_64</arch>
      <platform>macosx</platform>
    </env>
    <env>
      <arch>arm</arch>
    </env>
    <env>
      <arch>ppc64le</arch>
      <platform>linux</platform>
    </env>
  </supported_envs>
  <supported_sm_architectures>
    <include>all</include>
  </supported_sm_architectures>
  <title>Optical Flow</title>
  <type>exe</type>
  <whitepaper>doc\OpticalFlow.pdf</whitepaper>
</entry>
