<?xml version="1.0" encoding="UTF-8"?> 
<!DOCTYPE entry SYSTEM "SamplesInfo.dtd">
<entry>
  <name>conjugateGradientMultiDeviceCG</name>
  <cflags>
    <flag>-dc</flag>
  </cflags>
  <cuda_api_list>
    <toolkit>cudaMemAdvise</toolkit>
    <toolkit>cudaMemPrefetchAsync</toolkit>
    <toolkit>cudaLaunchCooperativeKernelMultiDevice</toolkit>
    <toolkit>cudaStreamSynchronize</toolkit>
    <toolkit>cudaOccupancyMaxActiveBlocksPerMultiprocessor</toolkit>
  </cuda_api_list>
  <description><![CDATA[This sample implements a conjugate gradient solver on multiple GPUs using Multi Device Cooperative Groups, also uses Unified Memory optimized using prefetching and usage hints.]]></description>
  <devicecompilation>whole</devicecompilation>
  <includepaths>
    <path>./</path>
    <path>../</path>
    <path>../../common/inc</path>
  </includepaths>
  <keyconcepts>
    <concept level="basic">Unified Memory</concept>
    <concept level="advanced">Linear Algebra</concept>
    <concept level="basic">Cooperative Groups</concept>
    <concept level="advanced">MultiDevice Cooperative Groups</concept>
  </keyconcepts>
  <keywords>
    <keyword>CUDA</keyword>
    <keyword>Sparse Matrix</keyword>
    <keyword>Unified Memory</keyword>
    <keyword>Multi-GPU</keyword>
  </keywords>
  <libraries>
    <library>cudadevrt</library>
  </libraries>
  <librarypaths>
  </librarypaths>
  <nsight_eclipse>true</nsight_eclipse>
  <primary_file>conjugateGradientMultiBlockCG.cu</primary_file>
  <required_dependencies>
    <dependency>UVM</dependency>
    <dependency>MDCG</dependency>
  </required_dependencies>
  <scopes>
    <scope>1:CUDA Advanced Topics</scope>
    <scope>3:Linear Algebra</scope>
  </scopes>
  <sm-arch>sm60</sm-arch>
  <sm-arch>sm61</sm-arch>
  <sm-arch>sm70</sm-arch>
  <supported_envs>
    <env>
      <arch>x86_64</arch>
      <platform>linux</platform>
    </env>
    <env>
      <arch>ppc64le</arch>
      <platform>linux</platform>
    </env>
    <env>
      <platform>windows</platform>
    </env>
  </supported_envs>
  <supported_sm_architectures>
    <from>6.0</from>
  </supported_sm_architectures>
  <title>conjugateGradient using MultiDevice Cooperative Groups</title>
  <type>exe</type>
</entry>
