<?xml version="1.0" encoding="UTF-8"?> 
<!DOCTYPE entry SYSTEM "SamplesInfo.dtd">
<entry>
  <name>segmentationTreeThrust</name>
  <description><![CDATA[This sample demonstrates an approach to the image segmentation trees construction.  This method is based on Boruvka's MST algorithm.]]></description>
  <devicecompilation>whole</devicecompilation>
  <files>
    <file>data\test.ppm</file>
    <file>data\ref_00.ppm</file>
    <file>data\ref_09.ppm</file>
  </files>
  <includepaths>
    <path>./</path>
    <path>../</path>
    <path>../../common/inc</path>
  </includepaths>
  <keyconcepts>
    <concept level="advanced">Data-Parallel Algorithms</concept>
    <concept level="advanced">Performance Strategies</concept>
  </keyconcepts>
  <keywords>
    <keyword>GPGPU</keyword>
    <keyword>Sorting</keyword>
  </keywords>
  <libraries>
  </libraries>
  <librarypaths>
  </librarypaths>
  <nsight_eclipse>true</nsight_eclipse>
  <primary_file>segmentationTree.cu</primary_file>
  <scopes>
    <scope>1:CUDA Advanced Topics</scope>
    <scope>1:Data-Parallel Algorithms</scope>
    <scope>1:Performance Strategies</scope>
  </scopes>
  <sm-arch>sm30</sm-arch>
  <sm-arch>sm35</sm-arch>
  <sm-arch>sm37</sm-arch>
  <sm-arch>sm50</sm-arch>
  <sm-arch>sm52</sm-arch>
  <sm-arch>sm60</sm-arch>
  <sm-arch>sm61</sm-arch>
  <sm-arch>sm70</sm-arch>
  <supported_envs>
    <env>
      <arch>x86_64</arch>
      <platform>linux</platform>
    </env>
    <env>
      <platform>windows7</platform>
    </env>
    <env>
      <arch>x86_64</arch>
      <platform>macosx</platform>
    </env>
    <env>
      <arch>arm</arch>
    </env>
    <env>
      <arch>ppc64le</arch>
      <platform>linux</platform>
    </env>
  </supported_envs>
  <supported_sm_architectures>
    <include>all</include>
  </supported_sm_architectures>
  <title>CUDA Segmentation Tree Thrust Library</title>
  <type>exe</type>
</entry>
