<?xml version="1.0" encoding="UTF-8"?> 
<!DOCTYPE entry SYSTEM "SamplesInfo.dtd">
<entry>
  <name>simpleZeroCopy</name>
  <cuda_api_list>
    <toolkit>cudaEventCreate</toolkit>
    <toolkit>cudaEventRecord</toolkit>
    <toolkit>cudaEventQuery</toolkit>
    <toolkit>cudaEventDestroy</toolkit>
    <toolkit>cudaEventElapsedTime</toolkit>
    <toolkit>cudaHostAlloc</toolkit>
    <toolkit>cudaHostGetDevicePointer</toolkit>
    <toolkit>cudaHostRegister</toolkit>
    <toolkit>cudaHostUnregister</toolkit>
    <toolkit>cudaFreeHost</toolkit>
  </cuda_api_list>
  <description><![CDATA[This sample illustrates how to use Zero MemCopy, kernels can read and write directly to pinned system memory.]]></description>
  <devicecompilation>whole</devicecompilation>
  <includepaths>
    <path>./</path>
    <path>../</path>
    <path>../../common/inc</path>
  </includepaths>
  <keyconcepts>
    <concept level="basic">Performance Strategies</concept>
    <concept level="basic">Pinned System Paged Memory</concept>
    <concept level="basic">Vector Addition</concept>
  </keyconcepts>
  <keywords>
  </keywords>
  <libraries>
  </libraries>
  <librarypaths>
  </librarypaths>
  <nsight_eclipse>true</nsight_eclipse>
  <primary_file>simpleZeroCopy.cu</primary_file>
  <scopes>
    <scope>1:CUDA Basic Topics</scope>
    <scope>1:Performance Strategies</scope>
  </scopes>
  <sm-arch>sm30</sm-arch>
  <sm-arch>sm35</sm-arch>
  <sm-arch>sm37</sm-arch>
  <sm-arch>sm50</sm-arch>
  <sm-arch>sm52</sm-arch>
  <sm-arch>sm60</sm-arch>
  <sm-arch>sm61</sm-arch>
  <sm-arch>sm70</sm-arch>
  <supported_envs>
    <env>
      <arch>x86_64</arch>
      <platform>linux</platform>
    </env>
    <env>
      <platform>windows7</platform>
    </env>
    <env>
      <arch>x86_64</arch>
      <platform>macosx</platform>
    </env>
    <env>
      <arch>arm</arch>
    </env>
    <env>
      <arch>ppc64le</arch>
      <platform>linux</platform>
    </env>
  </supported_envs>
  <supported_sm_architectures>
    <include>all</include>
  </supported_sm_architectures>
  <title>simpleZeroCopy</title>
  <type>exe</type>
  <whitepaper>doc\CUDA2.2PinnedMemoryAPIs.pdf</whitepaper>
</entry>
