<?xml version="1.0" encoding="UTF-8"?> 
<!DOCTYPE entry SYSTEM "SamplesInfo.dtd">
<entry>
  <name>simplePitchLinearTexture</name>
  <cuda_api_list>
    <toolkit>cudaMallocPitch</toolkit>
    <toolkit>cudaMallocArray</toolkit>
    <toolkit>cudaMemcpy2D</toolkit>
    <toolkit>cudaMemcpyToArray</toolkit>
    <toolkit>cudaBindTexture2D</toolkit>
    <toolkit>cudaBindTextureToArray</toolkit>
    <toolkit>cudaCreateChannelDesc</toolkit>
    <toolkit>cudaMalloc</toolkit>
    <toolkit>cudaFree</toolkit>
    <toolkit>cudaFreeArray</toolkit>
    <toolkit>cudaUnbindTexture</toolkit>
    <toolkit>cudaMemset2D</toolkit>
    <toolkit>cudaMemcpy2D</toolkit>
  </cuda_api_list>
  <description><![CDATA[Use of Pitch Linear Textures]]></description>
  <devicecompilation>whole</devicecompilation>
  <includepaths>
    <path>./</path>
    <path>../</path>
    <path>../../common/inc</path>
  </includepaths>
  <keyconcepts>
    <concept level="basic">Texture</concept>
    <concept level="basic">Image Processing</concept>
  </keyconcepts>
  <keywords>
    <keyword>GPGPU</keyword>
    <keyword>Texture</keyword>
  </keywords>
  <libraries>
  </libraries>
  <librarypaths>
  </librarypaths>
  <nsight_eclipse>true</nsight_eclipse>
  <primary_file>simplePitchLinearTexture.cu</primary_file>
  <scopes>
    <scope>1:CUDA Basic Topics</scope>
    <scope>2:Image Processing</scope>
  </scopes>
  <sm-arch>sm30</sm-arch>
  <sm-arch>sm35</sm-arch>
  <sm-arch>sm37</sm-arch>
  <sm-arch>sm50</sm-arch>
  <sm-arch>sm52</sm-arch>
  <sm-arch>sm60</sm-arch>
  <sm-arch>sm61</sm-arch>
  <sm-arch>sm70</sm-arch>
  <supported_envs>
    <env>
      <arch>x86_64</arch>
      <platform>linux</platform>
    </env>
    <env>
      <platform>windows7</platform>
    </env>
    <env>
      <arch>x86_64</arch>
      <platform>macosx</platform>
    </env>
    <env>
      <arch>arm</arch>
    </env>
    <env>
      <arch>ppc64le</arch>
      <platform>linux</platform>
    </env>
  </supported_envs>
  <supported_sm_architectures>
    <include>all</include>
  </supported_sm_architectures>
  <title>Pitch Linear Texture</title>
  <type>exe</type>
</entry>
