<?xml version="1.0" encoding="UTF-8"?> 
<!DOCTYPE entry SYSTEM "SamplesInfo.dtd">
<entry>
  <name>convolutionSeparable</name>
  <description><![CDATA[This sample implements a separable convolution filter of a 2D signal with a gaussian kernel.]]></description>
  <devicecompilation>whole</devicecompilation>
  <includepaths>
    <path>./</path>
    <path>../</path>
    <path>../../common/inc</path>
  </includepaths>
  <keyconcepts>
    <concept level="basic">Image Processing</concept>
    <concept level="basic">Data Parallel Algorithms</concept>
  </keyconcepts>
  <keywords>
    <keyword>CUDA</keyword>
    <keyword>DSP</keyword>
    <keyword>separable convolution</keyword>
    <keyword>finite impulse-response filter</keyword>
    <keyword>Image Processing</keyword>
  </keywords>
  <libraries>
  </libraries>
  <librarypaths>
  </librarypaths>
  <nsight_eclipse>true</nsight_eclipse>
  <primary_file>main.cpp</primary_file>
  <scopes>
    <scope>1:CUDA Basic Topics</scope>
    <scope>1:Data-Parallel Algorithms</scope>
    <scope>3:Linear Algebra</scope>
    <scope>2:Image Processing</scope>
    <scope>2:Computer Vision</scope>
  </scopes>
  <sm-arch>sm30</sm-arch>
  <sm-arch>sm35</sm-arch>
  <sm-arch>sm37</sm-arch>
  <sm-arch>sm50</sm-arch>
  <sm-arch>sm52</sm-arch>
  <sm-arch>sm60</sm-arch>
  <sm-arch>sm61</sm-arch>
  <sm-arch>sm70</sm-arch>
  <supported_envs>
    <env>
      <arch>x86_64</arch>
      <platform>linux</platform>
    </env>
    <env>
      <platform>windows7</platform>
    </env>
    <env>
      <arch>x86_64</arch>
      <platform>macosx</platform>
    </env>
    <env>
      <arch>arm</arch>
    </env>
    <env>
      <arch>ppc64le</arch>
      <platform>linux</platform>
    </env>
  </supported_envs>
  <supported_sm_architectures>
    <include>all</include>
  </supported_sm_architectures>
  <title>CUDA Separable Convolution</title>
  <type>exe</type>
  <whitepaper>doc\convolutionSeparable.pdf</whitepaper>
</entry>
