<?xml version="1.0" encoding="UTF-8"?> 
<!DOCTYPE entry SYSTEM "SamplesInfo.dtd">
<entry>
  <name>bandwidthTest</name>
  <cuda_api_list>
    <toolkit>cudaSetDevice</toolkit>
    <toolkit>cudaHostAlloc</toolkit>
    <toolkit>cudaFree</toolkit>
    <toolkit>cudaMallocHost</toolkit>
    <toolkit>cudaFreeHost</toolkit>
    <toolkit>cudaMemcpy</toolkit>
    <toolkit>cudaMemcpyAsync</toolkit>
    <toolkit>cudaEventCreate</toolkit>
    <toolkit>cudaEventRecord</toolkit>
    <toolkit>cudaEventDestroy</toolkit>
    <toolkit>cudaDeviceSynchronize</toolkit>
    <toolkit>cudaEventElapsedTime</toolkit>
  </cuda_api_list>
  <description><![CDATA[This is a simple test program to measure the memcopy bandwidth of the GPU and memcpy bandwidth across PCI-e.  This test application is capable of measuring device to device copy bandwidth, host to device copy bandwidth for pageable and page-locked memory, and device to host copy bandwidth for pageable and page-locked memory.]]></description>
  <devicecompilation>whole</devicecompilation>
  <includepaths>
    <path>./</path>
    <path>../</path>
    <path>../../common/inc</path>
  </includepaths>
  <keyconcepts>
    <concept level="basic">CUDA Streams and Events</concept>
    <concept level="basic">Performance Strategies</concept>
  </keyconcepts>
  <keywords>
    <keyword>GPGPU</keyword>
    <keyword>bandwidth</keyword>
  </keywords>
  <libraries>
  </libraries>
  <librarypaths>
  </librarypaths>
  <nsight_eclipse>true</nsight_eclipse>
  <primary_file>bandwidthTest.cu</primary_file>
  <scopes>
    <scope>1:CUDA Basic Topics</scope>
    <scope>1:Performance Strategies</scope>
  </scopes>
  <sm-arch>sm30</sm-arch>
  <sm-arch>sm35</sm-arch>
  <sm-arch>sm37</sm-arch>
  <sm-arch>sm50</sm-arch>
  <sm-arch>sm52</sm-arch>
  <sm-arch>sm60</sm-arch>
  <sm-arch>sm61</sm-arch>
  <sm-arch>sm70</sm-arch>
  <supported_envs>
    <env>
      <arch>x86_64</arch>
      <platform>linux</platform>
    </env>
    <env>
      <platform>windows7</platform>
    </env>
    <env>
      <arch>x86_64</arch>
      <platform>macosx</platform>
    </env>
    <env>
      <arch>arm</arch>
    </env>
    <env>
      <arch>ppc64le</arch>
      <platform>linux</platform>
    </env>
  </supported_envs>
  <supported_sm_architectures>
    <include>all</include>
  </supported_sm_architectures>
  <title>Bandwidth Test</title>
  <type>exe</type>
</entry>
