<?xml version="1.0" encoding="UTF-8"?> 
<!DOCTYPE entry SYSTEM "SamplesInfo.dtd">
<entry>
  <name>topologyQuery</name>
  <cuda_api_list>
    <toolkit>cudaDeviceGetP2PAttribute</toolkit>
    <toolkit>cudaGetDeviceAttribute</toolkit>
    <toolkit>cudaGetDeviceCount</toolkit>
  </cuda_api_list>
  <description><![CDATA[A simple exemple on how to query the topology of a system with multiple GPU]]></description>
  <devicecompilation>whole</devicecompilation>
  <includepaths>
    <path>./</path>
    <path>../</path>
    <path>../../common/inc</path>
  </includepaths>
  <keyconcepts>
    <concept level="basic">Performance Strategies</concept>
    <concept level="basic">Multi-GPU</concept>
  </keyconcepts>
  <keywords>
    <keyword>peer to peer</keyword>
    <keyword>CUDA</keyword>
    <keyword>Performance</keyword>
    <keyword>multi-GPU support</keyword>
  </keywords>
  <libraries>
  </libraries>
  <librarypaths>
  </librarypaths>
  <nsight_eclipse>true</nsight_eclipse>
  <primary_file>topologyQuery.cu</primary_file>
  <scopes>
    <scope>1:CUDA Basic Topics</scope>
    <scope>1:Performance Strategies</scope>
  </scopes>
  <sm-arch>sm30</sm-arch>
  <sm-arch>sm35</sm-arch>
  <sm-arch>sm37</sm-arch>
  <sm-arch>sm50</sm-arch>
  <sm-arch>sm52</sm-arch>
  <sm-arch>sm60</sm-arch>
  <sm-arch>sm61</sm-arch>
  <sm-arch>sm70</sm-arch>
  <supported_envs>
    <env>
      <arch>x86_64</arch>
      <platform>linux</platform>
    </env>
    <env>
      <platform>windows7</platform>
    </env>
    <env>
      <arch>x86_64</arch>
      <platform>macosx</platform>
    </env>
    <env>
      <arch>ppc64le</arch>
      <platform>linux</platform>
    </env>
  </supported_envs>
  <supported_sm_architectures>
    <include>all</include>
  </supported_sm_architectures>
  <title>Topology Query</title>
  <type>exe</type>
</entry>
