<?xml version="1.0" encoding="UTF-8"?> 
<!DOCTYPE entry SYSTEM "SamplesInfo.dtd">
<entry>
  <name>dxtc</name>
  <description><![CDATA[High Quality DXT Compression using CUDA. This example shows how to implement an existing computationally-intensive CPU compression algorithm in parallel on the GPU, and obtain an order of magnitude performance improvement.]]></description>
  <devicecompilation>whole</devicecompilation>
  <files>
    <file>data\lena-orig.ppm</file>
    <file>data\lorikeet-orig.ppm</file>
    <file>data\colors.ppm</file>
    <file>data\lena_std.ppm</file>
  </files>
  <includepaths>
    <path>./</path>
    <path>../</path>
    <path>../../common/inc</path>
  </includepaths>
  <keyconcepts>
    <concept level="basic">Cooperative Groups</concept>
    <concept level="advanced">Image Processing</concept>
    <concept level="advanced">Image Compression</concept>
  </keyconcepts>
  <keywords>
    <keyword>Texture Compression</keyword>
    <keyword>DXTC</keyword>
    <keyword>S3TC</keyword>
    <keyword>cluster fit</keyword>
    <keyword>power method</keyword>
    <keyword>covariance</keyword>
    <keyword>least squares</keyword>
  </keywords>
  <libraries>
  </libraries>
  <librarypaths>
  </librarypaths>
  <nsight_eclipse>true</nsight_eclipse>
  <primary_file>dxtc.cu</primary_file>
  <scopes>
    <scope>1:CUDA Advanced Topics</scope>
    <scope>2:Image Processing</scope>
    <scope>2:Data Compression</scope>
  </scopes>
  <sm-arch>sm30</sm-arch>
  <sm-arch>sm35</sm-arch>
  <sm-arch>sm37</sm-arch>
  <sm-arch>sm50</sm-arch>
  <sm-arch>sm52</sm-arch>
  <sm-arch>sm60</sm-arch>
  <sm-arch>sm61</sm-arch>
  <sm-arch>sm70</sm-arch>
  <supported_envs>
    <env>
      <arch>x86_64</arch>
      <platform>linux</platform>
    </env>
    <env>
      <platform>windows7</platform>
    </env>
    <env>
      <arch>x86_64</arch>
      <platform>macosx</platform>
    </env>
    <env>
      <arch>arm</arch>
    </env>
    <env>
      <arch>ppc64le</arch>
      <platform>linux</platform>
    </env>
  </supported_envs>
  <supported_sm_architectures>
    <include>all</include>
  </supported_sm_architectures>
  <title>DirectX Texture Compressor (DXTC)</title>
  <type>exe</type>
  <whitepaper>doc\cuda_dxtc.pdf</whitepaper>
</entry>
