<?xml version="1.0" encoding="UTF-8"?> 
<!DOCTYPE entry SYSTEM "SamplesInfo.dtd">
<entry>
  <name>interval</name>
  <description><![CDATA[Interval arithmetic operators example.  Uses various C++ features (templates and recursion).  The recursive mode requires Compute SM 2.0 capabilities.]]></description>
  <devicecompilation>whole</devicecompilation>
  <includepaths>
    <path>.</path>
    <path>./</path>
    <path>../</path>
    <path>../../common/inc</path>
  </includepaths>
  <keyconcepts>
    <concept level="advanced">Recursion</concept>
    <concept level="advanced">Templates</concept>
  </keyconcepts>
  <keywords>
    <keyword>newdelete arithmetic</keyword>
    <keyword>rounding modes</keyword>
  </keywords>
  <libraries>
  </libraries>
  <librarypaths>
  </librarypaths>
  <nsight_eclipse>true</nsight_eclipse>
  <primary_file>interval.cu</primary_file>
  <scopes>
    <scope>1:CUDA Advanced Topics</scope>
  </scopes>
  <sm-arch>sm30</sm-arch>
  <sm-arch>sm35</sm-arch>
  <sm-arch>sm37</sm-arch>
  <sm-arch>sm50</sm-arch>
  <sm-arch>sm52</sm-arch>
  <sm-arch>sm60</sm-arch>
  <sm-arch>sm61</sm-arch>
  <sm-arch>sm70</sm-arch>
  <supported_envs>
    <env>
      <arch>x86_64</arch>
      <platform>linux</platform>
    </env>
    <env>
      <platform>windows7</platform>
    </env>
    <env>
      <arch>x86_64</arch>
      <platform>macosx</platform>
    </env>
    <env>
      <arch>arm</arch>
    </env>
    <env>
      <arch>ppc64le</arch>
      <platform>linux</platform>
    </env>
  </supported_envs>
  <supported_sm_architectures>
    <include>all</include>
  </supported_sm_architectures>
  <title>Interval Computing</title>
  <type>exe</type>
</entry>
