<?xml version="1.0" encoding="UTF-8"?> 
<!DOCTYPE entry SYSTEM "SamplesInfo.dtd">
<entry>
  <name>convolutionFFT2D</name>
  <cuda_api_list>
    <toolkit>cufftPlan2d</toolkit>
    <toolkit>cufftExecR2C</toolkit>
    <toolkit>cufftExecC2R</toolkit>
    <toolkit>cufftDestroy</toolkit>
  </cuda_api_list>
  <description><![CDATA[This sample demonstrates how 2D convolutions with very large kernel sizes can be efficiently implemented using FFT transformations.]]></description>
  <devicecompilation>whole</devicecompilation>
  <includepaths>
    <path>./</path>
    <path>../</path>
    <path>../../common/inc</path>
  </includepaths>
  <keyconcepts>
    <concept level="advanced">Image Processing</concept>
    <concept level="advanced">CUFFT Library</concept>
  </keyconcepts>
  <keywords>
    <keyword>CUDA</keyword>
    <keyword>CUFFT</keyword>
    <keyword>DSP</keyword>
    <keyword>non-separable convolution</keyword>
    <keyword>finite impulse-response filter</keyword>
    <keyword>Image Processing</keyword>
  </keywords>
  <libraries>
    <library>cufft</library>
  </libraries>
  <librarypaths>
  </librarypaths>
  <nsight_eclipse>true</nsight_eclipse>
  <primary_file>main.cpp</primary_file>
  <required_dependencies>
    <dependency>CUFFT</dependency>
  </required_dependencies>
  <scopes>
    <scope>1:CUDA Advanced Topics</scope>
    <scope>2:Image Processing</scope>
    <scope>2:Computer Vision</scope>
  </scopes>
  <sm-arch>sm30</sm-arch>
  <sm-arch>sm35</sm-arch>
  <sm-arch>sm37</sm-arch>
  <sm-arch>sm50</sm-arch>
  <sm-arch>sm52</sm-arch>
  <sm-arch>sm60</sm-arch>
  <sm-arch>sm61</sm-arch>
  <sm-arch>sm70</sm-arch>
  <supported_envs>
    <env>
      <arch>x86_64</arch>
      <platform>linux</platform>
    </env>
    <env>
      <platform>windows7</platform>
    </env>
    <env>
      <arch>x86_64</arch>
      <platform>macosx</platform>
    </env>
    <env>
      <arch>arm</arch>
    </env>
    <env>
      <arch>ppc64le</arch>
      <platform>linux</platform>
    </env>
  </supported_envs>
  <supported_sm_architectures>
    <include>all</include>
  </supported_sm_architectures>
  <title>FFT-Based 2D Convolution</title>
  <type>exe</type>
</entry>
