<?xml version="1.0" encoding="UTF-8"?> 
<!DOCTYPE entry SYSTEM "SamplesInfo.dtd">
<entry>
  <name>fluidsGLES</name>
  <cuda_api_list>
    <toolkit>cudaGraphicsMapResources</toolkit>
    <toolkit>cudaGraphicsUnmapResources</toolkit>
    <toolkit>cudaGraphicsResourceGetMappedPointer</toolkit>
    <toolkit>cudaGraphicsRegisterResource</toolkit>
    <toolkit>cudaGraphicsGLRegisterBuffer</toolkit>
    <toolkit>cudaGraphicsUnregisterResource</toolkit>
  </cuda_api_list>
  <description><![CDATA[An example of fluid simulation using CUDA and CUFFT, with OpenGLES rendering.]]></description>
  <devicecompilation>whole</devicecompilation>
  <files>
    <file>data\ref_fluidsGLES.ppm</file>
  </files>
  <includepaths>
    <path>./</path>
    <path>../</path>
    <path>../../common/inc</path>
  </includepaths>
  <keyconcepts>
    <concept level="advanced">Graphics Interop</concept>
    <concept level="advanced">CUFFT Library</concept>
    <concept level="advanced">Physically-Based Simulation</concept>
  </keyconcepts>
  <keywords>
    <keyword>CUDA</keyword>
    <keyword>CUFFT</keyword>
    <keyword>GPGPU</keyword>
    <keyword>Fluid Simulation</keyword>
    <keyword>FFT</keyword>
    <keyword>OpenGL ES</keyword>
  </keywords>
  <libraries>
    <library>cufft</library>
  </libraries>
  <librarypaths>
  </librarypaths>
  <nsight_eclipse>true</nsight_eclipse>
  <primary_file>fluidsGLES.cpp</primary_file>
  <qatests>
    <qatest>-file=ref_fluidsGLES.ppm</qatest>
  </qatests>
  <required_dependencies>
    <dependency>X11</dependency>
    <dependency>GLES</dependency>
    <dependency>CUFFT</dependency>
  </required_dependencies>
  <scopes>
    <scope>2:Graphics Interop</scope>
    <scope>1:CUDA Advanced Topics</scope>
    <scope>3:Physically-Based Simulation</scope>
  </scopes>
  <sm-arch>sm30</sm-arch>
  <sm-arch>sm35</sm-arch>
  <sm-arch>sm37</sm-arch>
  <sm-arch>sm50</sm-arch>
  <sm-arch>sm52</sm-arch>
  <sm-arch>sm60</sm-arch>
  <sm-arch>sm61</sm-arch>
  <sm-arch>sm70</sm-arch>
  <supported_envs>
    <env>
      <arch>arm</arch>
    </env>
  </supported_envs>
  <supported_sm_architectures>
    <include>all</include>
  </supported_sm_architectures>
  <title>Fluids (OpenGLES Version)</title>
  <type>exe</type>
</entry>
