<?xml version="1.0" encoding="UTF-8"?> 
<!DOCTYPE entry SYSTEM "SamplesInfo.dtd">
<entry>
  <name>BlackScholes</name>
  <cflags>
    <flag>-maxrregcount=16</flag>
  </cflags>
  <description><![CDATA[This sample evaluates fair call and put prices for a given set of European options by Black-Scholes formula.]]></description>
  <devicecompilation>whole</devicecompilation>
  <includepaths>
    <path>./</path>
    <path>../</path>
    <path>../../common/inc</path>
  </includepaths>
  <keyconcepts>
    <concept level="basic">Computational Finance</concept>
  </keyconcepts>
  <keywords>
    <keyword>CUDA</keyword>
    <keyword>Computational Finance</keyword>
    <keyword>option pricing</keyword>
    <keyword>Black-Scholes</keyword>
  </keywords>
  <libraries>
  </libraries>
  <librarypaths>
  </librarypaths>
  <nsight_eclipse>true</nsight_eclipse>
  <primary_file>BlackScholes.cu</primary_file>
  <scopes>
    <scope>1:CUDA Basic Topics</scope>
    <scope>3:Computational Finance</scope>
  </scopes>
  <sm-arch>sm30</sm-arch>
  <sm-arch>sm35</sm-arch>
  <sm-arch>sm37</sm-arch>
  <sm-arch>sm50</sm-arch>
  <sm-arch>sm52</sm-arch>
  <sm-arch>sm60</sm-arch>
  <sm-arch>sm61</sm-arch>
  <sm-arch>sm70</sm-arch>
  <supported_envs>
    <env>
      <arch>x86_64</arch>
      <platform>linux</platform>
    </env>
    <env>
      <platform>windows7</platform>
    </env>
    <env>
      <arch>x86_64</arch>
      <platform>macosx</platform>
    </env>
    <env>
      <arch>arm</arch>
    </env>
    <env>
      <arch>ppc64le</arch>
      <platform>linux</platform>
    </env>
  </supported_envs>
  <supported_sm_architectures>
    <include>all</include>
  </supported_sm_architectures>
  <title>Black-Scholes Option Pricing</title>
  <type>exe</type>
  <whitepaper>doc\BlackScholes.pdf</whitepaper>
</entry>
