<?xml version="1.0" encoding="UTF-8"?> 
<!DOCTYPE entry SYSTEM "SamplesInfo.dtd">
<entry>
  <name>stereoDisparity</name>
  <cleanextras>
    <clean>*.pgm</clean>
  </cleanextras>
  <description><![CDATA[A CUDA program that demonstrates how to compute a stereo disparity map using SIMD SAD (Sum of Absolute Difference) intrinsics.  Requires Compute Capability 2.0 or higher.]]></description>
  <devicecompilation>whole</devicecompilation>
  <files>
    <file>data\stereo.im0.640x533.ppm</file>
    <file>data\stereo.im1.640x533.ppm</file>
  </files>
  <includepaths>
    <path>./</path>
    <path>../</path>
    <path>../../common/inc</path>
  </includepaths>
  <keyconcepts>
    <concept level="advanced">Image Processing</concept>
    <concept level="advanced">Video Intrinsics</concept>
  </keyconcepts>
  <keywords>
    <keyword>CUDA</keyword>
    <keyword>GPGPU</keyword>
    <keyword>atomic</keyword>
  </keywords>
  <libraries>
  </libraries>
  <librarypaths>
  </librarypaths>
  <nsight_eclipse>true</nsight_eclipse>
  <primary_file>stereoDisparity.cu</primary_file>
  <scopes>
    <scope>2:Graphics Interop</scope>
    <scope>1:CUDA Advanced Topics</scope>
    <scope>2:Image Processing</scope>
  </scopes>
  <sm-arch>sm30</sm-arch>
  <sm-arch>sm35</sm-arch>
  <sm-arch>sm37</sm-arch>
  <sm-arch>sm50</sm-arch>
  <sm-arch>sm52</sm-arch>
  <sm-arch>sm60</sm-arch>
  <sm-arch>sm61</sm-arch>
  <sm-arch>sm70</sm-arch>
  <supported_envs>
    <env>
      <arch>x86_64</arch>
      <platform>linux</platform>
    </env>
    <env>
      <platform>windows7</platform>
    </env>
    <env>
      <arch>x86_64</arch>
      <platform>macosx</platform>
    </env>
    <env>
      <arch>arm</arch>
    </env>
    <env>
      <arch>ppc64le</arch>
      <platform>linux</platform>
    </env>
  </supported_envs>
  <supported_sm_architectures>
    <include>all</include>
  </supported_sm_architectures>
  <title>Stereo Disparity Computation (SAD SIMD Intrinsics)</title>
  <type>exe</type>
</entry>
